id_venta,id_producto,cantidad,precio_unitario,importe
1,20,3,1571,4713
2,15,2,2538,5076
3,48,2,4462,8924
4,16,2,4613,9226
5,15,3,2538,7614
6,90,2,2902,5804
7,113,4,2500,10000
8,83,4,1830,7320
9,72,1,3876,3876
10,41,3,860,2580
11,24,3,1305,3915
12,118,2,3500,7000
13,101,3,1200,3600
14,104,1,900,900
15,118,3,3500,10500
16,56,2,2532,5064
17,52,4,2582,10328
18,37,2,3196,6392
19,26,4,1001,4004
20,97,3,872,2616
21,5,1,4777,4777
22,90,2,2902,5804
23,9,3,3878,11634
24,68,1,2684,2684
25,120,3,1500,4500
26,58,4,4752,19008
27,70,3,4061,12183
28,84,4,1645,6580
29,23,3,2380,7140
30,93,3,2142,6426
31,112,4,7800,31200
32,44,3,2979,8937
33,117,3,2100,6300
34,10,1,4883,4883
35,37,2,3196,6392
36,101,2,1200,2400
37,20,2,1571,3142
38,31,2,3409,6818
39,104,4,900,3600
40,110,3,6500,19500
41,119,4,4200,16800
42,22,4,2069,8276
43,2,1,4973,4973
44,71,2,508,1016
45,86,4,4090,16360
46,101,4,1200,4800
47,66,1,1533,1533
48,74,3,2953,8859
49,38,3,1584,4752
50,53,2,1664,3328
51,17,1,4834,4834
52,100,1,4854,4854
53,100,1,4854,4854
54,116,2,1300,2600
55,23,3,2380,7140
56,8,1,4218,4218
57,7,2,3269,6538
58,36,1,2559,2559
59,63,2,4337,8674
60,42,2,1195,2390
61,32,4,2234,8936
62,10,4,4883,19532
63,122,1,2800,2800
64,107,3,1800,5400
65,125,2,1800,3600
66,11,1,2053,2053
67,87,1,1679,1679
68,13,4,2383,9532
69,9,3,3878,11634
70,4,4,2033,8132
71,59,2,3612,7224
72,10,3,4883,14649
73,33,3,1255,3765
74,73,2,1561,3122
75,80,4,1981,7924
76,119,3,4200,12600
77,130,3,2600,7800
78,59,1,3612,3612
79,21,1,272,272
80,91,1,4690,4690
81,93,2,2142,4284
82,29,1,1868,1868
83,44,3,2979,8937
84,72,1,3876,3876
85,49,2,2512,5024
86,114,3,2200,6600
87,68,4,2684,10736
88,2,4,4973,19892
89,98,2,2843,5686
90,25,1,4015,4015
91,27,4,2502,10008
92,37,4,3196,12784
93,67,4,4719,18876
94,38,4,1584,6336
95,62,3,3848,11544
96,126,4,900,3600
97,64,4,3953,15812
98,123,3,5500,16500
99,25,3,4015,12045
100,55,1,1407,1407
101,9,2,3878,7756
102,45,3,745,2235
103,116,4,1300,5200
104,22,3,2069,6207
105,8,1,4218,4218
106,73,4,1561,6244
107,127,3,1400,4200
108,94,4,1418,5672
109,17,2,4834,9668
110,36,2,2559,5118
111,43,1,887,887
112,99,4,2430,9720
113,121,2,1200,2400
114,36,1,2559,2559
115,70,4,4061,16244
116,127,2,1400,2800
117,84,3,1645,4935
118,46,3,3036,9108
119,124,3,9500,28500
120,73,3,1561,4683
121,56,3,2532,7596
122,115,2,1100,2200
123,27,1,2502,2502
124,79,2,2420,4840
125,125,3,1800,5400
126,96,2,4920,9840
127,93,2,2142,4284
128,22,1,2069,2069
129,54,4,1592,6368
130,111,2,3200,6400
131,115,4,1100,4400
132,105,1,1100,1100
133,4,1,2033,2033
134,107,1,1800,1800
135,130,4,2600,10400
136,113,4,2500,10000
137,22,3,2069,6207
138,85,2,1856,3712
139,42,4,1195,4780
140,112,2,7800,15600
141,43,3,887,2661
142,106,1,600,600
143,58,4,4752,19008
144,48,3,4462,13386
145,92,4,2512,10048
146,42,3,1195,3585
147,27,4,2502,10008
148,127,3,1400,4200
149,31,4,3409,13636
150,115,4,1100,4400
151,4,1,2033,2033
152,123,4,5500,22000
153,5,2,4777,9554
154,17,4,4834,19336
155,55,4,1407,5628
156,50,1,727,727
157,79,3,2420,7260
158,19,2,3251,6502
159,36,2,2559,5118
160,15,4,2538,10152
161,22,3,2069,6207
162,109,2,1300,2600
163,46,2,3036,6072
164,127,4,1400,5600
165,109,1,1300,1300
166,54,3,1592,4776
167,73,1,1561,1561
168,109,4,1300,5200
169,32,2,2234,4468
170,111,1,3200,3200
171,35,2,4430,8860
172,47,4,2939,11756
173,108,3,1600,4800
174,124,1,9500,9500
175,1,2,2347,4694
176,122,4,2800,11200
177,4,1,2033,2033
178,38,3,1584,4752
179,10,1,4883,4883
180,93,1,2142,2142
181,130,1,2600,2600
182,100,1,4854,4854
183,66,2,1533,3066
184,97,1,872,872
185,7,4,3269,13076
186,43,1,887,887
187,78,4,4289,17156
188,39,4,469,1876
189,108,2,1600,3200
190,80,1,1981,1981
191,114,1,2200,2200
192,11,3,2053,6159
193,102,4,1500,6000
194,95,2,1581,3162
195,92,3,2512,7536
196,83,4,1830,7320
197,30,4,4875,19500
198,11,4,2053,8212
199,61,2,4982,9964
200,14,1,1723,1723
201,33,1,1255,1255
202,118,3,3500,10500
203,126,3,900,2700
204,65,4,2423,9692
205,26,4,1001,4004
206,25,4,4015,16060
207,47,1,2939,2939
208,49,3,2512,7536
209,126,4,900,3600
210,42,2,1195,2390
211,11,2,2053,4106
212,82,4,2394,9576
213,59,4,3612,14448
214,15,4,2538,10152
215,102,2,1500,3000
216,50,3,727,2181
217,111,2,3200,6400
218,97,4,872,3488
219,108,2,1600,3200
220,118,4,3500,14000
221,76,2,4286,8572
222,62,4,3848,15392
223,105,1,1100,1100
224,105,1,1100,1100
225,69,4,744,2976
226,102,1,1500,1500
227,91,3,4690,14070
228,72,1,3876,3876
229,61,4,4982,19928
230,7,4,3269,13076
231,21,2,272,544
232,81,1,2520,2520
233,91,3,4690,14070
234,58,3,4752,14256
235,16,1,4613,4613
236,80,2,1981,3962
237,107,1,1800,1800
238,12,2,570,1140
239,34,4,503,2012
240,90,3,2902,8706
241,100,2,4854,9708
242,53,2,1664,3328
243,37,4,3196,12784
244,39,4,469,1876
245,15,3,2538,7614
246,17,2,4834,9668
247,44,4,2979,11916
248,2,2,4973,9946
249,21,2,272,544
250,8,1,4218,4218
251,92,2,2512,5024
252,10,2,4883,9766
253,65,2,2423,4846
254,52,4,2582,10328
255,35,3,4430,13290
256,66,3,1533,4599
257,81,4,2520,10080
258,86,2,4090,8180
259,121,4,1200,4800
260,65,4,2423,9692
261,93,3,2142,6426
262,123,2,5500,11000
263,109,3,1300,3900
264,123,4,5500,22000
265,37,2,3196,6392
266,40,1,1215,1215
267,91,1,4690,4690
268,99,4,2430,9720
269,73,4,1561,6244
270,102,2,1500,3000
271,25,2,4015,8030
272,39,4,469,1876
273,124,1,9500,9500
274,101,2,1200,2400
275,127,1,1400,1400
276,130,4,2600,10400
277,16,2,4613,9226
278,124,2,9500,19000
279,44,2,2979,5958
280,79,4,2420,9680
281,11,4,2053,8212
282,128,2,1100,2200
283,20,2,1571,3142
284,36,4,2559,10236
285,55,2,1407,2814
286,84,4,1645,6580
287,108,4,1600,6400
288,79,1,2420,2420
289,105,4,1100,4400
290,23,1,2380,2380
291,76,1,4286,4286
292,59,2,3612,7224
293,51,1,1745,1745
294,12,4,570,2280
295,6,4,4170,16680
296,70,4,4061,16244
297,80,3,1981,5943
298,95,4,1581,6324
299,74,3,2953,8859
300,60,4,4647,18588
301,93,1,2142,2142
302,46,1,3036,3036
303,53,4,1664,6656
304,66,3,1533,4599
305,126,3,900,2700
306,115,3,1100,3300
307,105,3,1100,3300
308,126,4,900,3600
309,31,4,3409,13636
310,29,2,1868,3736
311,58,4,4752,19008
312,77,3,4778,14334
313,53,3,1664,4992
314,107,1,1800,1800
315,39,1,469,469
316,4,2,2033,4066
317,25,4,4015,16060
318,88,4,2570,10280
319,130,4,2600,10400
320,17,3,4834,14502
321,118,4,3500,14000
322,56,4,2532,10128
323,56,4,2532,10128
324,78,2,4289,8578
325,18,4,3444,13776
326,36,4,2559,10236
327,11,4,2053,8212
328,58,3,4752,14256
329,5,1,4777,4777
330,115,4,1100,4400
331,65,3,2423,7269
332,74,2,2953,5906
333,69,4,744,2976
334,43,1,887,887
335,42,4,1195,4780
336,114,2,2200,4400
337,39,2,469,938
338,52,3,2582,7746
339,84,4,1645,6580
340,58,2,4752,9504
341,47,4,2939,11756
342,37,4,3196,12784
343,66,4,1533,6132
344,81,4,2520,10080
345,50,4,727,2908
346,121,1,1200,1200
347,34,2,503,1006
348,24,1,1305,1305
349,35,1,4430,4430
350,85,3,1856,5568
351,34,4,503,2012
352,51,4,1745,6980
353,107,3,1800,5400
354,106,1,600,600
355,25,4,4015,16060
356,62,1,3848,3848
357,3,4,4964,19856
358,104,1,900,900
359,96,1,4920,4920
360,74,1,2953,2953
361,79,1,2420,2420
362,91,2,4690,9380
363,65,1,2423,2423
364,65,1,2423,2423
365,22,3,2069,6207
366,45,3,745,2235
367,87,3,1679,5037
368,71,2,508,1016
369,116,2,1300,2600
370,25,3,4015,12045
371,3,4,4964,19856
372,23,1,2380,2380
373,84,2,1645,3290
374,82,3,2394,7182
375,52,2,2582,5164
376,126,2,900,1800
377,6,4,4170,16680
378,116,3,1300,3900
379,91,4,4690,18760
380,100,1,4854,4854
381,100,1,4854,4854
382,51,4,1745,6980
383,28,3,936,2808
384,119,4,4200,16800
385,34,3,503,1509
386,10,1,4883,4883
387,67,4,4719,18876
388,34,3,503,1509
389,10,4,4883,19532
390,85,2,1856,3712
391,22,2,2069,4138
392,81,3,2520,7560
393,31,1,3409,3409
394,7,3,3269,9807
395,54,3,1592,4776
396,61,4,4982,19928
397,121,4,1200,4800
398,6,2,4170,8340
399,76,3,4286,12858
400,53,1,1664,1664
401,9,2,3878,7756
402,24,4,1305,5220
403,1,2,2347,4694
404,114,4,2200,8800
405,23,2,2380,4760
406,1,2,2347,4694
407,11,2,2053,4106
408,112,1,7800,7800
409,80,2,1981,3962
410,35,4,4430,17720
411,112,4,7800,31200
412,94,4,1418,5672
413,43,3,887,2661
414,93,3,2142,6426
415,92,2,2512,5024
416,129,3,3800,11400
417,86,3,4090,12270
418,3,3,4964,14892
419,53,3,1664,4992
420,44,4,2979,11916
421,19,4,3251,13004
422,55,3,1407,4221
423,113,2,2500,5000
424,23,2,2380,4760
425,78,4,4289,17156
426,66,1,1533,1533
427,116,2,1300,2600
428,49,3,2512,7536
429,98,1,2843,2843
430,25,3,4015,12045
431,127,4,1400,5600
432,93,3,2142,6426
433,20,2,1571,3142
434,97,1,872,872
435,38,2,1584,3168
436,106,4,600,2400
437,80,2,1981,3962
438,120,1,1500,1500
439,114,4,2200,8800
440,117,3,2100,6300
441,125,2,1800,3600
442,114,2,2200,4400
443,9,1,3878,3878
444,125,4,1800,7200
445,59,1,3612,3612
446,47,2,2939,5878
447,62,1,3848,3848
448,39,4,469,1876
449,29,3,1868,5604
450,20,1,1571,1571
451,13,2,2383,4766
452,98,4,2843,11372
453,24,3,1305,3915
454,119,1,4200,4200
455,73,3,1561,4683
456,124,2,9500,19000
457,28,2,936,1872
458,46,1,3036,3036
459,54,3,1592,4776
460,122,1,2800,2800
461,51,2,1745,3490
462,51,1,1745,1745
463,33,3,1255,3765
464,96,2,4920,9840
465,37,2,3196,6392
466,63,3,4337,13011
467,49,4,2512,10048
468,90,3,2902,8706
469,58,4,4752,19008
470,114,3,2200,6600
471,65,2,2423,4846
472,109,4,1300,5200
473,130,2,2600,5200
474,110,1,6500,6500
475,125,3,1800,5400
476,53,4,1664,6656
477,55,4,1407,5628
478,80,2,1981,3962
479,89,2,1003,2006
480,69,3,744,2232
481,13,1,2383,2383
482,62,3,3848,11544
483,75,1,3204,3204
484,100,3,4854,14562
485,40,4,1215,4860
486,48,3,4462,13386
487,18,1,3444,3444
488,80,2,1981,3962
489,60,1,4647,4647
490,95,3,1581,4743
491,62,2,3848,7696
492,59,3,3612,10836
493,43,1,887,887
494,54,4,1592,6368
495,67,1,4719,4719
496,8,3,4218,12654
497,79,1,2420,2420
498,101,3,1200,3600
499,1,4,2347,9388
500,75,3,3204,9612
501,12,1,570,570
502,118,3,3500,10500
503,32,4,2234,8936
504,46,3,3036,9108
505,125,1,1800,1800
506,28,3,936,2808
507,32,3,2234,6702
508,106,3,600,1800
509,79,1,2420,2420
510,100,3,4854,14562
511,5,3,4777,14331
512,97,1,872,872
513,125,2,1800,3600
514,51,4,1745,6980
515,30,4,4875,19500
516,18,2,3444,6888
517,113,3,2500,7500
518,74,2,2953,5906
519,21,3,272,816
520,21,1,272,272
521,84,3,1645,4935
522,92,4,2512,10048
523,9,1,3878,3878
524,122,2,2800,5600
525,40,4,1215,4860
526,32,4,2234,8936
527,51,3,1745,5235
528,34,3,503,1509
529,21,4,272,1088
530,7,4,3269,13076
531,65,4,2423,9692
532,18,4,3444,13776
533,95,1,1581,1581
534,64,1,3953,3953
535,37,2,3196,6392
536,20,3,1571,4713
537,111,1,3200,3200
538,55,4,1407,5628
539,23,3,2380,7140
540,101,2,1200,2400
541,97,2,872,1744
542,87,2,1679,3358
543,18,1,3444,3444
544,37,3,3196,9588
545,42,2,1195,2390
546,42,1,1195,1195
547,35,2,4430,8860
548,119,1,4200,4200
549,88,1,2570,2570
550,70,3,4061,12183
551,117,3,2100,6300
552,45,3,745,2235
553,85,3,1856,5568
554,63,1,4337,4337
555,4,1,2033,2033
556,64,2,3953,7906
557,79,4,2420,9680
558,30,1,4875,4875
559,26,3,1001,3003
560,99,2,2430,4860
561,74,1,2953,2953
562,63,4,4337,17348
563,46,2,3036,6072
564,11,3,2053,6159
565,109,1,1300,1300
566,112,1,7800,7800
567,49,1,2512,2512
568,93,1,2142,2142
569,74,3,2953,8859
570,28,3,936,2808
571,29,2,1868,3736
572,41,3,860,2580
573,83,3,1830,5490
574,54,4,1592,6368
575,107,2,1800,3600
576,37,2,3196,6392
577,32,1,2234,2234
578,10,2,4883,9766
579,98,3,2843,8529
580,39,4,469,1876
581,121,1,1200,1200
582,84,2,1645,3290
583,35,1,4430,4430
584,32,3,2234,6702
585,10,4,4883,19532
586,111,3,3200,9600
587,31,2,3409,6818
588,84,1,1645,1645
589,26,2,1001,2002
590,4,3,2033,6099
591,18,1,3444,3444
592,4,3,2033,6099
593,83,2,1830,3660
594,81,4,2520,10080
595,130,3,2600,7800
596,61,3,4982,14946
597,86,2,4090,8180
598,110,1,6500,6500
599,118,4,3500,14000
600,14,4,1723,6892
601,24,3,1305,3915
602,30,1,4875,4875
603,23,2,2380,4760
604,20,3,1571,4713
605,13,2,2383,4766
606,56,2,2532,5064
607,90,3,2902,8706
608,25,1,4015,4015
609,5,3,4777,14331
610,15,1,2538,2538
611,126,1,900,900
612,75,2,3204,6408
613,110,2,6500,13000
614,31,3,3409,10227
615,105,1,1100,1100
616,82,1,2394,2394
617,62,4,3848,15392
618,101,4,1200,4800
619,76,1,4286,4286
620,23,2,2380,4760
621,122,1,2800,2800
622,28,4,936,3744
623,20,2,1571,3142
624,12,1,570,570
625,123,1,5500,5500
626,78,1,4289,4289
627,70,3,4061,12183
628,59,3,3612,10836
629,20,3,1571,4713
630,70,2,4061,8122
631,23,2,2380,4760
632,41,2,860,1720
633,67,2,4719,9438
634,92,1,2512,2512
635,128,2,1100,2200
636,112,3,7800,23400
637,56,3,2532,7596
638,67,4,4719,18876
639,86,3,4090,12270
640,18,3,3444,10332
641,114,2,2200,4400
642,9,1,3878,3878
643,7,2,3269,6538
644,116,1,1300,1300
645,51,1,1745,1745
646,6,1,4170,4170
647,36,1,2559,2559
648,66,2,1533,3066
649,35,2,4430,8860
650,46,3,3036,9108
651,105,2,1100,2200
652,93,4,2142,8568
653,115,4,1100,4400
654,14,1,1723,1723
655,103,3,800,2400
656,57,2,4520,9040
657,46,2,3036,6072
658,57,4,4520,18080
659,44,2,2979,5958
660,59,1,3612,3612
661,104,4,900,3600
662,56,1,2532,2532
663,130,4,2600,10400
664,120,3,1500,4500
665,87,3,1679,5037
666,82,1,2394,2394
667,118,4,3500,14000
668,12,3,570,1710
669,126,4,900,3600
670,117,3,2100,6300
671,117,4,2100,8400
672,21,1,272,272
673,79,1,2420,2420
674,3,2,4964,9928
675,74,3,2953,8859
676,108,4,1600,6400
677,25,2,4015,8030
678,5,1,4777,4777
679,60,1,4647,4647
680,4,4,2033,8132
681,106,4,600,2400
682,111,4,3200,12800
683,90,1,2902,2902
684,62,4,3848,15392
685,79,1,2420,2420
686,116,3,1300,3900
687,5,3,4777,14331
688,11,2,2053,4106
689,10,2,4883,9766
690,30,2,4875,9750
691,104,2,900,1800
692,73,1,1561,1561
693,104,1,900,900
694,23,4,2380,9520
695,33,4,1255,5020
696,47,2,2939,5878
697,55,4,1407,5628
698,26,1,1001,1001
699,50,2,727,1454
700,98,3,2843,8529
701,50,2,727,1454
702,6,3,4170,12510
703,110,1,6500,6500
704,23,3,2380,7140
705,43,4,887,3548
706,107,1,1800,1800
707,106,2,600,1200
708,95,2,1581,3162
709,3,4,4964,19856
710,30,2,4875,9750
711,69,4,744,2976
712,49,3,2512,7536
713,68,3,2684,8052
714,124,3,9500,28500
715,36,1,2559,2559
716,120,3,1500,4500
717,45,1,745,745
718,111,3,3200,9600
719,108,4,1600,6400
720,40,2,1215,2430
721,3,2,4964,9928
722,103,1,800,800
723,92,3,2512,7536
724,78,4,4289,17156
725,114,2,2200,4400
726,124,4,9500,38000
727,54,4,1592,6368
728,74,4,2953,11812
729,70,1,4061,4061
730,36,4,2559,10236
731,56,2,2532,5064
732,16,3,4613,13839
733,119,2,4200,8400
734,29,2,1868,3736
735,69,4,744,2976
736,86,4,4090,16360
737,48,4,4462,17848
738,7,4,3269,13076
739,16,3,4613,13839
740,87,4,1679,6716
741,23,1,2380,2380
742,51,4,1745,6980
743,108,3,1600,4800
744,4,4,2033,8132
745,89,1,1003,1003
746,129,4,3800,15200
747,34,4,503,2012
748,82,1,2394,2394
749,121,1,1200,1200
750,117,3,2100,6300
751,22,1,2069,2069
752,130,1,2600,2600
753,115,4,1100,4400
754,16,1,4613,4613
755,75,4,3204,12816
756,128,3,1100,3300
757,64,3,3953,11859
758,31,3,3409,10227
759,67,3,4719,14157
760,52,3,2582,7746
761,118,3,3500,10500
762,127,4,1400,5600
763,42,4,1195,4780
764,114,1,2200,2200
765,31,4,3409,13636
766,109,2,1300,2600
767,24,4,1305,5220
768,3,1,4964,4964
769,98,4,2843,11372
770,29,1,1868,1868
771,128,1,1100,1100
772,121,1,1200,1200
773,53,4,1664,6656
774,76,2,4286,8572
775,32,1,2234,2234
776,1,2,2347,4694
777,23,3,2380,7140
778,121,3,1200,3600
779,34,1,503,503
780,14,3,1723,5169
781,70,4,4061,16244
782,19,4,3251,13004
783,9,1,3878,3878
784,48,2,4462,8924
785,65,3,2423,7269
786,43,1,887,887
787,3,1,4964,4964
788,98,3,2843,8529
789,89,1,1003,1003
790,81,3,2520,7560
791,94,1,1418,1418
792,89,2,1003,2006
793,16,1,4613,4613
794,127,3,1400,4200
795,39,1,469,469
796,17,4,4834,19336
797,124,2,9500,19000
798,81,3,2520,7560
799,111,4,3200,12800
800,100,3,4854,14562
801,70,4,4061,16244
802,129,2,3800,7600
803,1,4,2347,9388
804,94,4,1418,5672
805,43,1,887,887
806,36,4,2559,10236
807,9,1,3878,3878
808,56,2,2532,5064
809,85,2,1856,3712
810,42,2,1195,2390
811,29,2,1868,3736
812,93,2,2142,4284
813,96,3,4920,14760
814,71,1,508,508
815,2,3,4973,14919
816,42,1,1195,1195
817,80,1,1981,1981
818,7,1,3269,3269
819,15,1,2538,2538
820,79,1,2420,2420
821,116,4,1300,5200
822,112,3,7800,23400
823,26,1,1001,1001
824,88,1,2570,2570
825,9,1,3878,3878
826,38,4,1584,6336
827,127,2,1400,2800
828,122,4,2800,11200
829,59,3,3612,10836
830,26,2,1001,2002
831,12,4,570,2280
832,104,3,900,2700
833,55,4,1407,5628
834,72,4,3876,15504
835,43,4,887,3548
836,66,3,1533,4599
837,86,3,4090,12270
838,113,1,2500,2500
839,71,3,508,1524
840,98,4,2843,11372
841,116,3,1300,3900
842,27,1,2502,2502
843,44,3,2979,8937
844,123,2,5500,11000
845,60,4,4647,18588
846,106,4,600,2400
847,80,3,1981,5943
848,119,1,4200,4200
849,21,3,272,816
850,94,3,1418,4254
851,47,1,2939,2939
852,101,4,1200,4800
853,38,1,1584,1584
854,37,4,3196,12784
855,48,2,4462,8924
856,128,2,1100,2200
857,123,1,5500,5500
858,71,4,508,2032
859,1,4,2347,9388
860,88,2,2570,5140
861,10,3,4883,14649
862,70,3,4061,12183
863,95,4,1581,6324
864,102,2,1500,3000
865,111,3,3200,9600
866,91,2,4690,9380
867,114,3,2200,6600
868,109,1,1300,1300
869,57,3,4520,13560
870,66,3,1533,4599
871,50,4,727,2908
872,15,1,2538,2538
873,65,2,2423,4846
874,55,2,1407,2814
875,103,3,800,2400
876,68,4,2684,10736
877,52,3,2582,7746
878,27,3,2502,7506
879,50,4,727,2908
880,28,1,936,936
881,21,3,272,816
882,69,4,744,2976
883,95,3,1581,4743
884,21,3,272,816
885,86,2,4090,8180
886,93,3,2142,6426
887,7,2,3269,6538
888,48,4,4462,17848
889,7,3,3269,9807
890,114,1,2200,2200
891,68,1,2684,2684
892,8,1,4218,4218
893,51,4,1745,6980
894,44,2,2979,5958
895,72,4,3876,15504
896,86,3,4090,12270
897,46,4,3036,12144
898,11,1,2053,2053
899,124,3,9500,28500
900,85,2,1856,3712
901,9,1,3878,3878
902,62,1,3848,3848
903,48,2,4462,8924
904,68,4,2684,10736
905,91,1,4690,4690
906,22,3,2069,6207
907,35,3,4430,13290
908,40,2,1215,2430
909,62,4,3848,15392
910,66,4,1533,6132
911,51,2,1745,3490
912,69,1,744,744
913,57,4,4520,18080
914,110,2,6500,13000
915,7,4,3269,13076
916,118,1,3500,3500
917,46,1,3036,3036
918,12,3,570,1710
919,121,1,1200,1200
920,105,2,1100,2200
921,57,1,4520,4520
922,85,1,1856,1856
923,32,4,2234,8936
924,112,4,7800,31200
925,48,2,4462,8924
926,22,3,2069,6207
927,59,2,3612,7224
928,71,4,508,2032
929,81,2,2520,5040
930,44,3,2979,8937
931,8,2,4218,8436
932,94,4,1418,5672
933,73,2,1561,3122
934,56,1,2532,2532
935,107,4,1800,7200
936,109,1,1300,1300
937,57,2,4520,9040
938,79,2,2420,4840
939,64,2,3953,7906
940,40,1,1215,1215
941,2,2,4973,9946
942,117,1,2100,2100
943,108,3,1600,4800
944,95,4,1581,6324
945,115,4,1100,4400
946,119,3,4200,12600
947,72,2,3876,7752
948,60,1,4647,4647
949,99,3,2430,7290
950,48,1,4462,4462
951,74,4,2953,11812
952,95,2,1581,3162
953,129,3,3800,11400
954,120,2,1500,3000
955,58,4,4752,19008
956,1,3,2347,7041
957,57,1,4520,4520
958,15,2,2538,5076
959,92,4,2512,10048
960,39,4,469,1876
961,10,3,4883,14649
962,111,4,3200,12800
963,91,4,4690,18760
964,10,3,4883,14649
965,41,2,860,1720
966,32,4,2234,8936
967,46,2,3036,6072
968,92,1,2512,2512
969,10,1,4883,4883
970,126,2,900,1800
971,62,4,3848,15392
972,43,3,887,2661
973,113,2,2500,5000
974,95,4,1581,6324
975,105,2,1100,2200
976,86,3,4090,12270
977,114,2,2200,4400
978,97,4,872,3488
979,38,3,1584,4752
980,98,4,2843,11372
981,15,1,2538,2538
982,12,3,570,1710
983,80,1,1981,1981
984,57,3,4520,13560
985,37,3,3196,9588
986,95,3,1581,4743
987,39,1,469,469
988,17,1,4834,4834
989,74,2,2953,5906
990,8,3,4218,12654
991,97,4,872,3488
992,26,4,1001,4004
993,75,3,3204,9612
994,63,3,4337,13011
995,30,4,4875,19500
996,1,3,2347,7041
997,17,1,4834,4834
998,25,1,4015,4015
999,9,3,3878,11634
1000,48,2,4462,8924
1001,66,1,1533,1533
1002,22,4,2069,8276
1003,15,3,2538,7614
1004,69,2,744,1488
1005,101,2,1200,2400
1006,96,1,4920,4920
1007,71,2,508,1016
1008,42,4,1195,4780
1009,52,4,2582,10328
1010,107,4,1800,7200
1011,66,4,1533,6132
1012,80,3,1981,5943
1013,20,3,1571,4713
1014,32,1,2234,2234
1015,48,3,4462,13386
1016,116,3,1300,3900
1017,41,1,860,860
1018,31,4,3409,13636
1019,34,3,503,1509
1020,48,4,4462,17848
1021,89,3,1003,3009
1022,29,2,1868,3736
1023,1,3,2347,7041
1024,66,1,1533,1533
1025,73,1,1561,1561
1026,116,2,1300,2600
1027,77,4,4778,19112
1028,46,4,3036,12144
1029,17,1,4834,4834
1030,2,4,4973,19892
1031,113,3,2500,7500
1032,46,1,3036,3036
1033,36,3,2559,7677
1034,47,1,2939,2939
1035,41,3,860,2580
1036,97,4,872,3488
1037,11,3,2053,6159
1038,69,1,744,744
1039,44,4,2979,11916
1040,28,1,936,936
1041,103,1,800,800
1042,24,1,1305,1305
1043,107,1,1800,1800
1044,130,2,2600,5200
1045,61,4,4982,19928
1046,82,3,2394,7182
1047,103,3,800,2400
1048,63,3,4337,13011
1049,99,2,2430,4860
1050,107,1,1800,1800
1051,111,4,3200,12800
1052,88,3,2570,7710
1053,69,3,744,2232
1054,44,4,2979,11916
1055,100,1,4854,4854
1056,78,1,4289,4289
1057,76,2,4286,8572
1058,75,3,3204,9612
1059,104,3,900,2700
1060,62,2,3848,7696
1061,21,2,272,544
1062,11,3,2053,6159
1063,11,1,2053,2053
1064,56,4,2532,10128
1065,68,3,2684,8052
1066,16,4,4613,18452
1067,119,2,4200,8400
1068,98,3,2843,8529
1069,68,2,2684,5368
1070,6,2,4170,8340
1071,67,4,4719,18876
1072,81,1,2520,2520
1073,70,2,4061,8122
1074,60,2,4647,9294
1075,129,2,3800,7600
1076,65,2,2423,4846
1077,5,4,4777,19108
1078,65,4,2423,9692
1079,77,1,4778,4778
1080,125,1,1800,1800
1081,100,3,4854,14562
1082,28,3,936,2808
1083,115,3,1100,3300
1084,51,3,1745,5235
1085,50,2,727,1454
1086,27,4,2502,10008
1087,8,2,4218,8436
1088,32,1,2234,2234
1089,38,1,1584,1584
1090,44,4,2979,11916
1091,28,4,936,3744
1092,6,4,4170,16680
1093,102,4,1500,6000
1094,2,1,4973,4973
1095,9,2,3878,7756
1096,105,3,1100,3300
1097,20,1,1571,1571
1098,23,1,2380,2380
1099,31,1,3409,3409
1100,111,1,3200,3200
1101,20,3,1571,4713
1102,20,4,1571,6284
1103,109,3,1300,3900
1104,118,4,3500,14000
1105,102,3,1500,4500
1106,97,2,872,1744
1107,111,1,3200,3200
1108,73,2,1561,3122
1109,51,2,1745,3490
1110,60,1,4647,4647
1111,55,3,1407,4221
1112,89,2,1003,2006
1113,124,2,9500,19000
1114,57,1,4520,4520
1115,36,2,2559,5118
1116,26,2,1001,2002
1117,5,2,4777,9554
1118,97,3,872,2616
1119,37,2,3196,6392
1120,58,3,4752,14256
1121,17,4,4834,19336
1122,65,3,2423,7269
1123,98,4,2843,11372
1124,37,1,3196,3196
1125,122,3,2800,8400
1126,9,2,3878,7756
1127,43,4,887,3548
1128,38,1,1584,1584
1129,126,2,900,1800
1130,9,3,3878,11634
1131,34,2,503,1006
1132,20,4,1571,6284
1133,13,1,2383,2383
1134,74,2,2953,5906
1135,31,1,3409,3409
1136,20,4,1571,6284
1137,36,1,2559,2559
1138,6,4,4170,16680
1139,89,1,1003,1003
1140,4,3,2033,6099
1141,8,4,4218,16872
1142,44,4,2979,11916
1143,74,1,2953,2953
1144,90,4,2902,11608
1145,1,4,2347,9388
1146,2,2,4973,9946
1147,30,4,4875,19500
1148,103,3,800,2400
1149,10,3,4883,14649
1150,129,3,3800,11400
1151,75,1,3204,3204
1152,100,2,4854,9708
1153,120,4,1500,6000
1154,82,4,2394,9576
1155,72,4,3876,15504
1156,2,2,4973,9946
1157,118,3,3500,10500
1158,21,2,272,544
1159,66,1,1533,1533
1160,107,2,1800,3600
1161,39,4,469,1876
1162,63,3,4337,13011
1163,91,4,4690,18760
1164,56,4,2532,10128
1165,101,2,1200,2400
1166,43,1,887,887
1167,62,3,3848,11544
1168,34,4,503,2012
1169,117,4,2100,8400
1170,63,2,4337,8674
1171,77,2,4778,9556
1172,34,2,503,1006
1173,100,4,4854,19416
1174,82,3,2394,7182
1175,108,2,1600,3200
1176,9,1,3878,3878
1177,124,2,9500,19000
1178,90,1,2902,2902
1179,52,1,2582,2582
1180,81,4,2520,10080
1181,36,2,2559,5118
1182,82,4,2394,9576
1183,29,1,1868,1868
1184,74,2,2953,5906
1185,93,3,2142,6426
1186,63,3,4337,13011
1187,49,3,2512,7536
1188,87,1,1679,1679
1189,19,4,3251,13004
1190,73,4,1561,6244
1191,57,3,4520,13560
1192,127,3,1400,4200
1193,120,2,1500,3000
1194,51,2,1745,3490
1195,81,4,2520,10080
1196,21,2,272,544
1197,31,4,3409,13636
1198,33,1,1255,1255
1199,72,2,3876,7752
1200,126,1,900,900
1201,129,1,3800,3800
1202,61,4,4982,19928
1203,64,3,3953,11859
1204,95,2,1581,3162
1205,122,4,2800,11200
1206,71,4,508,2032
1207,38,2,1584,3168
1208,126,1,900,900
1209,65,4,2423,9692
1210,51,2,1745,3490
1211,10,1,4883,4883
1212,89,1,1003,1003
1213,127,2,1400,2800
1214,37,2,3196,6392
1215,111,4,3200,12800
1216,29,2,1868,3736
1217,49,1,2512,2512
1218,86,2,4090,8180
1219,115,4,1100,4400
1220,110,3,6500,19500
1221,103,3,800,2400
1222,114,2,2200,4400
1223,120,3,1500,4500
1224,126,3,900,2700
1225,46,3,3036,9108
1226,127,1,1400,1400
1227,71,1,508,508
1228,74,3,2953,8859
1229,27,3,2502,7506
1230,65,2,2423,4846
1231,98,4,2843,11372
1232,45,4,745,2980
1233,28,3,936,2808
1234,109,2,1300,2600
1235,23,2,2380,4760
1236,34,1,503,503
1237,18,3,3444,10332
1238,78,1,4289,4289
1239,104,2,900,1800
1240,9,4,3878,15512
1241,45,1,745,745
1242,66,2,1533,3066
1243,10,1,4883,4883
1244,84,1,1645,1645
1245,46,1,3036,3036
1246,56,4,2532,10128
1247,39,3,469,1407
1248,88,3,2570,7710
1249,114,1,2200,2200
1250,107,1,1800,1800
1251,91,2,4690,9380
1252,25,1,4015,4015
1253,7,2,3269,6538
1254,109,3,1300,3900
1255,61,4,4982,19928
1256,38,2,1584,3168
1257,101,2,1200,2400
1258,113,1,2500,2500
1259,45,1,745,745
1260,62,1,3848,3848
1261,87,3,1679,5037
1262,69,3,744,2232
1263,55,2,1407,2814
1264,54,1,1592,1592
1265,26,3,1001,3003
1266,4,2,2033,4066
1267,90,3,2902,8706
1268,102,2,1500,3000
1269,13,3,2383,7149
1270,88,2,2570,5140
1271,113,2,2500,5000
1272,119,2,4200,8400
1273,67,2,4719,9438
1274,60,3,4647,13941
1275,33,4,1255,5020
1276,97,1,872,872
1277,102,1,1500,1500
1278,95,2,1581,3162
1279,88,4,2570,10280
1280,95,1,1581,1581
1281,121,1,1200,1200
1282,116,4,1300,5200
1283,111,2,3200,6400
1284,103,4,800,3200
1285,15,3,2538,7614
1286,71,4,508,2032
1287,81,3,2520,7560
1288,10,4,4883,19532
1289,111,3,3200,9600
1290,87,3,1679,5037
1291,28,2,936,1872
1292,25,1,4015,4015
1293,3,3,4964,14892
1294,49,3,2512,7536
1295,94,2,1418,2836
1296,65,1,2423,2423
1297,78,1,4289,4289
1298,23,3,2380,7140
1299,93,4,2142,8568
1300,67,2,4719,9438
1301,46,4,3036,12144
1302,103,2,800,1600
1303,103,2,800,1600
1304,71,1,508,508
1305,14,2,1723,3446
1306,42,4,1195,4780
1307,58,3,4752,14256
1308,23,1,2380,2380
1309,113,1,2500,2500
1310,100,2,4854,9708
1311,16,2,4613,9226
1312,42,2,1195,2390
1313,51,3,1745,5235
1314,14,2,1723,3446
1315,51,3,1745,5235
1316,114,4,2200,8800
1317,50,1,727,727
1318,28,1,936,936
1319,70,4,4061,16244
1320,120,1,1500,1500
1321,11,4,2053,8212
1322,61,1,4982,4982
1323,47,1,2939,2939
1324,54,3,1592,4776
1325,79,1,2420,2420
1326,5,1,4777,4777
1327,118,1,3500,3500
1328,102,1,1500,1500
1329,115,2,1100,2200
1330,61,2,4982,9964
1331,84,4,1645,6580
1332,78,3,4289,12867
1333,103,2,800,1600
1334,112,2,7800,15600
1335,27,3,2502,7506
1336,68,4,2684,10736
1337,130,1,2600,2600
1338,58,3,4752,14256
1339,120,4,1500,6000
1340,103,4,800,3200
1341,25,4,4015,16060
1342,102,1,1500,1500
1343,130,2,2600,5200
1344,101,4,1200,4800
1345,84,4,1645,6580
1346,66,1,1533,1533
1347,92,1,2512,2512
1348,116,4,1300,5200
1349,108,3,1600,4800
1350,73,3,1561,4683
1351,47,2,2939,5878
1352,130,2,2600,5200
1353,43,1,887,887
1354,30,2,4875,9750
1355,79,3,2420,7260
1356,26,2,1001,2002
1357,49,2,2512,5024
1358,45,1,745,745
1359,109,4,1300,5200
1360,100,1,4854,4854
1361,65,2,2423,4846
1362,83,1,1830,1830
1363,95,4,1581,6324
1364,1,1,2347,2347
1365,79,1,2420,2420
1366,20,3,1571,4713
1367,65,3,2423,7269
1368,119,3,4200,12600
1369,76,2,4286,8572
1370,21,3,272,816
1371,76,4,4286,17144
1372,102,4,1500,6000
1373,102,1,1500,1500
1374,9,3,3878,11634
1375,102,2,1500,3000
1376,129,4,3800,15200
1377,31,3,3409,10227
1378,14,3,1723,5169
1379,118,2,3500,7000
1380,47,2,2939,5878
1381,31,1,3409,3409
1382,83,4,1830,7320
1383,75,4,3204,12816
1384,55,3,1407,4221
1385,65,1,2423,2423
1386,115,4,1100,4400
1387,107,2,1800,3600
1388,101,2,1200,2400
1389,64,3,3953,11859
1390,54,3,1592,4776
1391,64,3,3953,11859
1392,40,3,1215,3645
1393,38,2,1584,3168
1394,63,1,4337,4337
1395,117,4,2100,8400
1396,68,3,2684,8052
1397,9,4,3878,15512
1398,11,2,2053,4106
1399,31,1,3409,3409
1400,6,1,4170,4170
1401,24,2,1305,2610
1402,25,3,4015,12045
1403,81,2,2520,5040
1404,96,1,4920,4920
1405,52,2,2582,5164
1406,114,1,2200,2200
1407,75,2,3204,6408
1408,128,1,1100,1100
1409,27,1,2502,2502
1410,130,2,2600,5200
1411,114,2,2200,4400
1412,100,3,4854,14562
1413,2,1,4973,4973
1414,109,1,1300,1300
1415,64,4,3953,15812
1416,55,1,1407,1407
1417,6,1,4170,4170
1418,31,3,3409,10227
1419,13,1,2383,2383
1420,86,1,4090,4090
1421,1,1,2347,2347
1422,84,4,1645,6580
1423,58,1,4752,4752
1424,45,4,745,2980
1425,20,3,1571,4713
1426,62,1,3848,3848
1427,100,1,4854,4854
1428,12,4,570,2280
1429,119,4,4200,16800
1430,77,1,4778,4778
1431,101,1,1200,1200
1432,105,4,1100,4400
1433,19,2,3251,6502
1434,95,3,1581,4743
1435,19,4,3251,13004
1436,79,2,2420,4840
1437,5,3,4777,14331
1438,92,1,2512,2512
1439,33,4,1255,5020
1440,108,1,1600,1600
1441,17,4,4834,19336
1442,68,1,2684,2684
1443,108,4,1600,6400
1444,76,2,4286,8572
1445,57,1,4520,4520
1446,70,3,4061,12183
1447,110,1,6500,6500
1448,113,3,2500,7500
1449,92,3,2512,7536
1450,20,1,1571,1571
1451,108,3,1600,4800
1452,10,2,4883,9766
1453,61,3,4982,14946
1454,35,3,4430,13290
1455,114,4,2200,8800
1456,45,4,745,2980
1457,117,2,2100,4200
1458,49,2,2512,5024
1459,69,1,744,744
1460,127,1,1400,1400
1461,47,2,2939,5878
1462,28,2,936,1872
1463,123,1,5500,5500
1464,129,1,3800,3800
1465,66,4,1533,6132
1466,95,3,1581,4743
1467,45,2,745,1490
1468,57,3,4520,13560
1469,36,4,2559,10236
1470,10,2,4883,9766
1471,72,2,3876,7752
1472,25,2,4015,8030
1473,38,1,1584,1584
1474,54,3,1592,4776
1475,20,3,1571,4713
1476,3,2,4964,9928
1477,113,2,2500,5000
1478,130,1,2600,2600
1479,1,1,2347,2347
1480,127,4,1400,5600
1481,40,3,1215,3645
1482,47,4,2939,11756
1483,30,1,4875,4875
1484,1,1,2347,2347
1485,81,2,2520,5040
1486,45,1,745,745
1487,67,3,4719,14157
1488,25,1,4015,4015
1489,20,2,1571,3142
1490,121,3,1200,3600
1491,93,2,2142,4284
1492,43,2,887,1774
1493,71,4,508,2032
1494,86,1,4090,4090
1495,121,2,1200,2400
1496,57,4,4520,18080
1497,128,2,1100,2200
1498,98,2,2843,5686
1499,104,1,900,900
1500,104,1,900,900
1501,68,1,2684,2684
1502,86,3,4090,12270
1503,130,3,2600,7800
1504,68,3,2684,8052
1505,102,2,1500,3000
1506,14,3,1723,5169
1507,93,2,2142,4284
1508,77,2,4778,9556
1509,103,2,800,1600
1510,43,2,887,1774
1511,129,1,3800,3800
1512,64,1,3953,3953
1513,102,2,1500,3000
1514,23,3,2380,7140
1515,82,4,2394,9576
1516,46,3,3036,9108
1517,108,2,1600,3200
1518,113,4,2500,10000
1519,80,2,1981,3962
1520,1,1,2347,2347
1521,97,3,872,2616
1522,107,1,1800,1800
1523,8,2,4218,8436
1524,67,1,4719,4719
1525,60,3,4647,13941
1526,110,3,6500,19500
1527,79,3,2420,7260
1528,86,1,4090,4090
1529,27,3,2502,7506
1530,102,1,1500,1500
1531,97,3,872,2616
1532,85,4,1856,7424
1533,76,4,4286,17144
1534,56,1,2532,2532
1535,16,2,4613,9226
1536,62,1,3848,3848
1537,73,3,1561,4683
1538,44,2,2979,5958
1539,9,4,3878,15512
1540,26,1,1001,1001
1541,60,2,4647,9294
1542,87,2,1679,3358
1543,121,4,1200,4800
1544,116,3,1300,3900
1545,68,3,2684,8052
1546,84,3,1645,4935
1547,40,4,1215,4860
1548,122,4,2800,11200
1549,52,2,2582,5164
1550,75,2,3204,6408
1551,82,4,2394,9576
1552,5,2,4777,9554
1553,9,1,3878,3878
1554,23,4,2380,9520
1555,16,2,4613,9226
1556,101,1,1200,1200
1557,84,4,1645,6580
1558,86,3,4090,12270
1559,24,2,1305,2610
1560,101,4,1200,4800
1561,20,4,1571,6284
1562,61,1,4982,4982
1563,40,1,1215,1215
1564,1,4,2347,9388
1565,66,3,1533,4599
1566,121,4,1200,4800
1567,99,4,2430,9720
1568,68,4,2684,10736
1569,122,3,2800,8400
1570,57,2,4520,9040
1571,86,3,4090,12270
1572,118,3,3500,10500
1573,56,3,2532,7596
1574,62,3,3848,11544
1575,68,4,2684,10736
1576,1,4,2347,9388
1577,36,1,2559,2559
1578,9,3,3878,11634
1579,118,2,3500,7000
1580,42,3,1195,3585
1581,66,4,1533,6132
1582,126,3,900,2700
1583,100,2,4854,9708
1584,80,3,1981,5943
1585,38,1,1584,1584
1586,13,1,2383,2383
1587,94,2,1418,2836
1588,127,4,1400,5600
1589,10,3,4883,14649
1590,129,4,3800,15200
1591,66,2,1533,3066
1592,103,4,800,3200
1593,33,4,1255,5020
1594,31,1,3409,3409
1595,121,4,1200,4800
1596,105,3,1100,3300
1597,103,2,800,1600
1598,45,3,745,2235
1599,29,1,1868,1868
1600,43,1,887,887
1601,83,3,1830,5490
1602,98,2,2843,5686
1603,100,2,4854,9708
1604,43,1,887,887
1605,108,1,1600,1600
1606,101,4,1200,4800
1607,27,4,2502,10008
1608,8,2,4218,8436
1609,26,4,1001,4004
1610,105,4,1100,4400
1611,46,4,3036,12144
1612,45,4,745,2980
1613,126,3,900,2700
1614,41,1,860,860
1615,75,3,3204,9612
1616,95,4,1581,6324
1617,60,3,4647,13941
1618,47,1,2939,2939
1619,48,1,4462,4462
1620,37,4,3196,12784
1621,17,1,4834,4834
1622,108,3,1600,4800
1623,38,1,1584,1584
1624,34,4,503,2012
1625,120,4,1500,6000
1626,103,1,800,800
1627,125,2,1800,3600
1628,103,1,800,800
1629,72,4,3876,15504
1630,7,4,3269,13076
1631,72,2,3876,7752
1632,40,4,1215,4860
1633,119,1,4200,4200
1634,71,1,508,508
1635,91,4,4690,18760
1636,117,3,2100,6300
1637,50,2,727,1454
1638,22,3,2069,6207
1639,10,3,4883,14649
1640,114,3,2200,6600
1641,36,3,2559,7677
1642,38,2,1584,3168
1643,19,1,3251,3251
1644,13,2,2383,4766
1645,4,1,2033,2033
1646,1,1,2347,2347
1647,24,3,1305,3915
1648,1,1,2347,2347
1649,11,3,2053,6159
1650,24,1,1305,1305
1651,112,1,7800,7800
1652,116,4,1300,5200
1653,47,3,2939,8817
1654,114,3,2200,6600
1655,96,4,4920,19680
1656,20,2,1571,3142
1657,41,2,860,1720
1658,119,1,4200,4200
1659,27,3,2502,7506
1660,112,3,7800,23400
1661,27,3,2502,7506
1662,113,2,2500,5000
1663,8,3,4218,12654
1664,116,4,1300,5200
1665,57,3,4520,13560
1666,68,3,2684,8052
1667,56,4,2532,10128
1668,46,2,3036,6072
1669,62,4,3848,15392
1670,112,4,7800,31200
1671,88,3,2570,7710
1672,22,1,2069,2069
1673,42,3,1195,3585
1674,65,1,2423,2423
1675,53,2,1664,3328
1676,22,4,2069,8276
1677,114,4,2200,8800
1678,116,2,1300,2600
1679,115,2,1100,2200
1680,14,2,1723,3446
1681,95,4,1581,6324
1682,34,2,503,1006
1683,86,4,4090,16360
1684,86,2,4090,8180
1685,89,2,1003,2006
1686,117,1,2100,2100
1687,9,1,3878,3878
1688,4,3,2033,6099
1689,14,3,1723,5169
1690,101,3,1200,3600
1691,37,1,3196,3196
1692,55,3,1407,4221
1693,60,2,4647,9294
1694,59,4,3612,14448
1695,113,1,2500,2500
1696,5,3,4777,14331
1697,1,1,2347,2347
1698,17,2,4834,9668
1699,14,3,1723,5169
1700,35,4,4430,17720
1701,104,2,900,1800
1702,112,1,7800,7800
1703,32,2,2234,4468
1704,126,4,900,3600
1705,84,4,1645,6580
1706,61,1,4982,4982
1707,126,2,900,1800
1708,108,1,1600,1600
1709,20,3,1571,4713
1710,70,1,4061,4061
1711,95,4,1581,6324
1712,3,2,4964,9928
1713,115,3,1100,3300
1714,33,3,1255,3765
1715,68,3,2684,8052
1716,63,4,4337,17348
1717,113,1,2500,2500
1718,83,3,1830,5490
1719,10,2,4883,9766
1720,69,1,744,744
1721,96,3,4920,14760
1722,46,3,3036,9108
1723,47,3,2939,8817
1724,130,2,2600,5200
1725,76,2,4286,8572
1726,116,2,1300,2600
1727,19,3,3251,9753
1728,108,3,1600,4800
1729,64,1,3953,3953
1730,48,1,4462,4462
1731,8,2,4218,8436
1732,19,4,3251,13004
1733,94,4,1418,5672
1734,94,2,1418,2836
1735,40,2,1215,2430
1736,25,4,4015,16060
1737,1,1,2347,2347
1738,21,4,272,1088
1739,30,4,4875,19500
1740,12,4,570,2280
1741,14,4,1723,6892
1742,63,2,4337,8674
1743,72,4,3876,15504
1744,72,2,3876,7752
1745,8,2,4218,8436
1746,60,3,4647,13941
1747,34,1,503,503
1748,79,4,2420,9680
1749,15,4,2538,10152
1750,94,4,1418,5672
1751,43,2,887,1774
1752,2,2,4973,9946
1753,123,3,5500,16500
1754,35,4,4430,17720
1755,103,1,800,800
1756,96,1,4920,4920
1757,41,1,860,860
1758,54,2,1592,3184
1759,11,1,2053,2053
1760,89,3,1003,3009
1761,48,2,4462,8924
1762,104,1,900,900
1763,126,4,900,3600
1764,117,2,2100,4200
1765,129,1,3800,3800
1766,57,2,4520,9040
1767,118,2,3500,7000
1768,106,3,600,1800
1769,117,4,2100,8400
1770,15,2,2538,5076
1771,118,3,3500,10500
1772,112,4,7800,31200
1773,22,3,2069,6207
1774,60,2,4647,9294
1775,10,3,4883,14649
1776,67,2,4719,9438
1777,30,1,4875,4875
1778,29,1,1868,1868
1779,28,4,936,3744
1780,48,3,4462,13386
1781,103,1,800,800
1782,23,3,2380,7140
1783,77,3,4778,14334
1784,17,3,4834,14502
1785,93,3,2142,6426
1786,58,3,4752,14256
1787,57,1,4520,4520
1788,14,1,1723,1723
1789,18,1,3444,3444
1790,98,4,2843,11372
1791,13,1,2383,2383
1792,53,1,1664,1664
1793,96,2,4920,9840
1794,18,2,3444,6888
1795,55,1,1407,1407
1796,45,1,745,745
1797,112,1,7800,7800
1798,116,4,1300,5200
1799,87,2,1679,3358
1800,107,4,1800,7200
1801,129,1,3800,3800
1802,68,4,2684,10736
1803,95,3,1581,4743
1804,85,3,1856,5568
1805,110,2,6500,13000
1806,89,2,1003,2006
1807,56,4,2532,10128
1808,127,1,1400,1400
1809,48,1,4462,4462
1810,92,3,2512,7536
1811,54,1,1592,1592
1812,7,4,3269,13076
1813,86,3,4090,12270
1814,7,3,3269,9807
1815,120,4,1500,6000
1816,36,4,2559,10236
1817,106,2,600,1200
1818,110,4,6500,26000
1819,56,4,2532,10128
1820,24,1,1305,1305
1821,117,3,2100,6300
1822,59,3,3612,10836
1823,55,4,1407,5628
1824,39,4,469,1876
1825,48,3,4462,13386
1826,104,4,900,3600
1827,42,4,1195,4780
1828,130,2,2600,5200
1829,16,1,4613,4613
1830,68,3,2684,8052
1831,115,4,1100,4400
1832,93,2,2142,4284
1833,78,4,4289,17156
1834,38,2,1584,3168
1835,67,2,4719,9438
1836,103,3,800,2400
1837,50,3,727,2181
1838,65,2,2423,4846
1839,98,4,2843,11372
1840,13,2,2383,4766
1841,24,2,1305,2610
1842,25,2,4015,8030
1843,47,2,2939,5878
1844,130,2,2600,5200
1845,114,3,2200,6600
1846,87,1,1679,1679
1847,92,2,2512,5024
1848,7,3,3269,9807
1849,116,4,1300,5200
1850,100,2,4854,9708
1851,16,3,4613,13839
1852,23,4,2380,9520
1853,125,1,1800,1800
1854,43,3,887,2661
1855,128,3,1100,3300
1856,99,1,2430,2430
1857,121,2,1200,2400
1858,75,3,3204,9612
1859,69,4,744,2976
1860,76,3,4286,12858
1861,53,1,1664,1664
1862,8,2,4218,8436
1863,128,1,1100,1100
1864,49,1,2512,2512
1865,3,1,4964,4964
1866,52,3,2582,7746
1867,54,4,1592,6368
1868,94,2,1418,2836
1869,2,2,4973,9946
1870,104,4,900,3600
1871,66,2,1533,3066
1872,29,4,1868,7472
1873,107,1,1800,1800
1874,68,2,2684,5368
1875,45,4,745,2980
1876,56,4,2532,10128
1877,18,1,3444,3444
1878,93,2,2142,4284
1879,57,1,4520,4520
1880,66,4,1533,6132
1881,116,2,1300,2600
1882,94,4,1418,5672
1883,32,1,2234,2234
1884,130,4,2600,10400
1885,27,1,2502,2502
1886,129,3,3800,11400
1887,96,1,4920,4920
1888,73,1,1561,1561
1889,36,4,2559,10236
1890,30,1,4875,4875
1891,47,2,2939,5878
1892,52,2,2582,5164
1893,80,1,1981,1981
1894,107,3,1800,5400
1895,125,3,1800,5400
1896,110,2,6500,13000
1897,70,2,4061,8122
1898,50,1,727,727
1899,91,3,4690,14070
1900,113,3,2500,7500
1901,54,1,1592,1592
1902,125,2,1800,3600
1903,39,2,469,938
1904,87,1,1679,1679
1905,89,4,1003,4012
1906,106,1,600,600
1907,94,3,1418,4254
1908,43,4,887,3548
1909,37,1,3196,3196
1910,74,2,2953,5906
1911,26,1,1001,1001
1912,77,4,4778,19112
1913,30,2,4875,9750
1914,35,2,4430,8860
1915,7,1,3269,3269
1916,128,1,1100,1100
1917,91,3,4690,14070
1918,129,2,3800,7600
1919,87,1,1679,1679
1920,53,4,1664,6656
1921,36,1,2559,2559
1922,16,3,4613,13839
1923,109,4,1300,5200
1924,117,4,2100,8400
1925,49,2,2512,5024
1926,126,1,900,900
1927,56,2,2532,5064
1928,68,4,2684,10736
1929,121,1,1200,1200
1930,60,4,4647,18588
1931,121,1,1200,1200
1932,2,3,4973,14919
1933,55,1,1407,1407
1934,130,4,2600,10400
1935,8,4,4218,16872
1936,27,3,2502,7506
1937,49,4,2512,10048
1938,1,1,2347,2347
1939,106,1,600,600
1940,111,4,3200,12800
1941,60,2,4647,9294
1942,39,2,469,938
1943,126,2,900,1800
1944,100,3,4854,14562
1945,54,3,1592,4776
1946,78,1,4289,4289
1947,30,1,4875,4875
1948,46,1,3036,3036
1949,75,4,3204,12816
1950,51,3,1745,5235
1951,115,3,1100,3300
1952,43,1,887,887
1953,46,3,3036,9108
1954,94,3,1418,4254
1955,124,3,9500,28500
1956,118,4,3500,14000
1957,22,1,2069,2069
1958,68,3,2684,8052
1959,123,2,5500,11000
1960,35,1,4430,4430
1961,95,3,1581,4743
1962,114,2,2200,4400
1963,49,1,2512,2512
1964,23,1,2380,2380
1965,83,3,1830,5490
1966,17,3,4834,14502
1967,57,2,4520,9040
1968,89,2,1003,2006
1969,77,2,4778,9556
1970,22,3,2069,6207
1971,50,4,727,2908
1972,102,3,1500,4500
1973,50,3,727,2181
1974,86,3,4090,12270
1975,16,3,4613,13839
1976,118,1,3500,3500
1977,45,2,745,1490
1978,20,1,1571,1571
1979,58,2,4752,9504
1980,105,2,1100,2200
1981,66,2,1533,3066
1982,122,2,2800,5600
1983,67,1,4719,4719
1984,9,4,3878,15512
1985,96,1,4920,4920
1986,42,1,1195,1195
1987,45,1,745,745
1988,119,2,4200,8400
1989,102,3,1500,4500
1990,34,1,503,503
1991,51,1,1745,1745
1992,95,1,1581,1581
1993,34,3,503,1509
1994,74,3,2953,8859
1995,119,1,4200,4200
1996,97,4,872,3488
1997,63,2,4337,8674
1998,81,3,2520,7560
1999,69,1,744,744
2000,84,4,1645,6580
2001,62,4,3848,15392
2002,66,2,1533,3066
2003,81,2,2520,5040
2004,5,2,4777,9554
2005,123,4,5500,22000
2006,80,4,1981,7924
2007,33,2,1255,2510
2008,106,2,600,1200
2009,13,3,2383,7149
2010,82,1,2394,2394
2011,50,3,727,2181
2012,21,4,272,1088
2013,101,4,1200,4800
2014,112,1,7800,7800
2015,117,3,2100,6300
2016,23,4,2380,9520
2017,47,4,2939,11756
2018,68,2,2684,5368
2019,18,1,3444,3444
2020,97,4,872,3488
2021,75,1,3204,3204
2022,110,1,6500,6500
2023,15,1,2538,2538
2024,122,4,2800,11200
2025,3,1,4964,4964
2026,74,2,2953,5906
2027,3,2,4964,9928
2028,109,4,1300,5200
2029,69,2,744,1488
2030,73,2,1561,3122
2031,119,4,4200,16800
2032,99,3,2430,7290
2033,8,2,4218,8436
2034,27,3,2502,7506
2035,63,3,4337,13011
2036,20,3,1571,4713
2037,86,2,4090,8180
2038,48,1,4462,4462
2039,49,4,2512,10048
2040,68,4,2684,10736
2041,68,3,2684,8052
2042,93,1,2142,2142
2043,22,1,2069,2069
2044,123,4,5500,22000
2045,29,3,1868,5604
2046,5,3,4777,14331
2047,10,1,4883,4883
2048,50,4,727,2908
2049,36,1,2559,2559
2050,15,4,2538,10152
2051,16,3,4613,13839
2052,117,2,2100,4200
2053,64,3,3953,11859
2054,45,1,745,745
2055,106,2,600,1200
2056,15,3,2538,7614
2057,96,1,4920,4920
2058,3,1,4964,4964
2059,53,2,1664,3328
2060,129,1,3800,3800
2061,78,1,4289,4289
2062,50,3,727,2181
2063,74,3,2953,8859
2064,40,1,1215,1215
2065,14,4,1723,6892
2066,101,1,1200,1200
2067,53,2,1664,3328
2068,34,1,503,503
2069,24,3,1305,3915
2070,13,2,2383,4766
2071,10,2,4883,9766
2072,29,1,1868,1868
2073,124,1,9500,9500
2074,104,2,900,1800
2075,40,4,1215,4860
2076,15,1,2538,2538
2077,93,4,2142,8568
2078,18,3,3444,10332
2079,3,4,4964,19856
2080,18,3,3444,10332
2081,36,4,2559,10236
2082,58,3,4752,14256
2083,59,2,3612,7224
2084,13,2,2383,4766
2085,105,3,1100,3300
2086,65,1,2423,2423
2087,4,2,2033,4066
2088,48,1,4462,4462
2089,19,2,3251,6502
2090,118,1,3500,3500
2091,91,1,4690,4690
2092,67,3,4719,14157
2093,59,2,3612,7224
2094,90,3,2902,8706
2095,117,2,2100,4200
2096,55,3,1407,4221
2097,81,2,2520,5040
2098,97,2,872,1744
2099,114,1,2200,2200
2100,1,1,2347,2347
2101,109,1,1300,1300
2102,25,2,4015,8030
2103,4,3,2033,6099
2104,104,4,900,3600
2105,11,4,2053,8212
2106,124,1,9500,9500
2107,54,1,1592,1592
2108,91,3,4690,14070
2109,94,1,1418,1418
2110,37,1,3196,3196
2111,104,3,900,2700
2112,102,1,1500,1500
2113,15,2,2538,5076
2114,44,4,2979,11916
2115,95,4,1581,6324
2116,7,1,3269,3269
2117,93,3,2142,6426
2118,124,3,9500,28500
2119,61,4,4982,19928
2120,64,2,3953,7906
2121,128,2,1100,2200
2122,24,4,1305,5220
2123,115,4,1100,4400
2124,90,4,2902,11608
2125,62,4,3848,15392
2126,129,4,3800,15200
2127,42,2,1195,2390
2128,36,3,2559,7677
2129,92,1,2512,2512
2130,19,3,3251,9753
2131,102,2,1500,3000
2132,116,1,1300,1300
2133,104,3,900,2700
2134,81,2,2520,5040
2135,68,4,2684,10736
2136,65,1,2423,2423
2137,31,4,3409,13636
2138,52,1,2582,2582
2139,103,1,800,800
2140,50,4,727,2908
2141,66,1,1533,1533
2142,62,2,3848,7696
2143,127,3,1400,4200
2144,91,1,4690,4690
2145,56,2,2532,5064
2146,19,3,3251,9753
2147,44,1,2979,2979
2148,125,2,1800,3600
2149,82,3,2394,7182
2150,83,2,1830,3660
2151,4,3,2033,6099
2152,108,3,1600,4800
2153,61,3,4982,14946
2154,81,1,2520,2520
2155,51,4,1745,6980
2156,110,3,6500,19500
2157,99,3,2430,7290
2158,85,4,1856,7424
2159,105,4,1100,4400
2160,50,1,727,727
2161,55,2,1407,2814
2162,70,3,4061,12183
2163,3,1,4964,4964
2164,19,1,3251,3251
2165,101,4,1200,4800
2166,1,3,2347,7041
2167,16,2,4613,9226
2168,39,2,469,938
2169,120,2,1500,3000
2170,55,1,1407,1407
2171,115,1,1100,1100
2172,30,1,4875,4875
2173,130,3,2600,7800
2174,115,2,1100,2200
2175,121,3,1200,3600
2176,10,1,4883,4883
2177,93,2,2142,4284
2178,82,4,2394,9576
2179,45,2,745,1490
2180,17,4,4834,19336
2181,50,4,727,2908
2182,59,2,3612,7224
2183,90,3,2902,8706
2184,10,1,4883,4883
2185,106,4,600,2400
2186,14,2,1723,3446
2187,42,2,1195,2390
2188,47,3,2939,8817
2189,63,1,4337,4337
2190,127,3,1400,4200
2191,62,2,3848,7696
2192,29,3,1868,5604
2193,106,1,600,600
2194,75,3,3204,9612
2195,26,3,1001,3003
2196,94,4,1418,5672
2197,3,3,4964,14892
2198,53,1,1664,1664
2199,124,4,9500,38000
2200,57,3,4520,13560
2201,66,3,1533,4599
2202,56,4,2532,10128
2203,127,3,1400,4200
2204,5,4,4777,19108
2205,50,1,727,727
2206,36,3,2559,7677
2207,18,4,3444,13776
2208,71,1,508,508
2209,112,1,7800,7800
2210,33,1,1255,1255
2211,29,4,1868,7472
2212,44,4,2979,11916
2213,12,1,570,570
2214,17,1,4834,4834
2215,97,1,872,872
2216,117,3,2100,6300
2217,113,3,2500,7500
2218,47,4,2939,11756
2219,50,1,727,727
2220,125,1,1800,1800
2221,5,3,4777,14331
2222,28,1,936,936
2223,58,1,4752,4752
2224,19,3,3251,9753
2225,55,4,1407,5628
2226,24,2,1305,2610
2227,118,4,3500,14000
2228,122,3,2800,8400
2229,122,4,2800,11200
2230,60,2,4647,9294
2231,61,3,4982,14946
2232,92,4,2512,10048
2233,6,2,4170,8340
2234,95,2,1581,3162
2235,1,3,2347,7041
2236,14,3,1723,5169
2237,56,1,2532,2532
2238,119,1,4200,4200
2239,22,4,2069,8276
2240,82,1,2394,2394
2241,25,2,4015,8030
2242,113,1,2500,2500
2243,87,1,1679,1679
2244,68,1,2684,2684
2245,90,3,2902,8706
2246,123,2,5500,11000
2247,5,4,4777,19108
2248,90,1,2902,2902
2249,108,1,1600,1600
2250,1,3,2347,7041
2251,40,3,1215,3645
2252,107,1,1800,1800
2253,91,3,4690,14070
2254,100,2,4854,9708
2255,128,3,1100,3300
2256,92,4,2512,10048
2257,42,2,1195,2390
2258,31,1,3409,3409
2259,17,4,4834,19336
2260,38,2,1584,3168
2261,130,4,2600,10400
2262,64,3,3953,11859
2263,27,3,2502,7506
2264,83,2,1830,3660
2265,63,3,4337,13011
2266,93,2,2142,4284
2267,85,2,1856,3712
2268,33,4,1255,5020
2269,125,2,1800,3600
2270,49,2,2512,5024
2271,97,1,872,872
2272,54,2,1592,3184
2273,100,4,4854,19416
2274,51,4,1745,6980
2275,32,1,2234,2234
2276,102,2,1500,3000
2277,68,2,2684,5368
2278,7,4,3269,13076
2279,117,1,2100,2100
2280,77,3,4778,14334
2281,85,2,1856,3712
2282,33,2,1255,2510
2283,19,2,3251,6502
2284,81,2,2520,5040
2285,49,1,2512,2512
2286,58,2,4752,9504
2287,126,1,900,900
2288,78,3,4289,12867
2289,122,4,2800,11200
2290,68,1,2684,2684
2291,61,4,4982,19928
2292,109,1,1300,1300
2293,51,4,1745,6980
2294,27,4,2502,10008
2295,75,2,3204,6408
2296,105,3,1100,3300
2297,86,3,4090,12270
2298,67,4,4719,18876
2299,39,2,469,938
2300,92,4,2512,10048
2301,108,2,1600,3200
2302,11,4,2053,8212
2303,55,2,1407,2814
2304,6,4,4170,16680
2305,24,1,1305,1305
2306,99,1,2430,2430
2307,80,3,1981,5943
2308,31,1,3409,3409
2309,97,1,872,872
2310,26,1,1001,1001
2311,16,1,4613,4613
2312,116,4,1300,5200
2313,88,2,2570,5140
2314,65,3,2423,7269
2315,84,2,1645,3290
2316,130,3,2600,7800
2317,56,1,2532,2532
2318,21,2,272,544
2319,21,3,272,816
2320,86,1,4090,4090
2321,19,4,3251,13004
2322,106,3,600,1800
2323,12,2,570,1140
2324,90,2,2902,5804
2325,89,2,1003,2006
2326,109,2,1300,2600
2327,46,4,3036,12144
2328,91,2,4690,9380
2329,97,1,872,872
2330,108,2,1600,3200
2331,7,2,3269,6538
2332,17,2,4834,9668
2333,23,3,2380,7140
2334,29,3,1868,5604
2335,120,1,1500,1500
2336,126,1,900,900
2337,115,4,1100,4400
2338,91,2,4690,9380
2339,74,1,2953,2953
2340,100,4,4854,19416
2341,36,3,2559,7677
2342,33,4,1255,5020
2343,26,1,1001,1001
2344,60,4,4647,18588
2345,49,3,2512,7536
2346,15,4,2538,10152
2347,124,3,9500,28500
2348,79,4,2420,9680
2349,27,3,2502,7506
2350,54,2,1592,3184
2351,128,2,1100,2200
2352,88,1,2570,2570
2353,101,2,1200,2400
2354,95,2,1581,3162
2355,54,4,1592,6368
2356,72,4,3876,15504
2357,76,4,4286,17144
2358,112,1,7800,7800
2359,113,3,2500,7500
2360,71,4,508,2032
2361,98,3,2843,8529
2362,33,4,1255,5020
2363,21,4,272,1088
2364,14,4,1723,6892
2365,112,1,7800,7800
2366,92,1,2512,2512
2367,102,2,1500,3000
2368,31,1,3409,3409
2369,44,4,2979,11916
2370,62,3,3848,11544
2371,93,4,2142,8568
2372,9,1,3878,3878
2373,55,2,1407,2814
2374,63,4,4337,17348
2375,79,1,2420,2420
2376,92,4,2512,10048
2377,75,4,3204,12816
2378,101,1,1200,1200
2379,90,4,2902,11608
2380,29,4,1868,7472
2381,34,2,503,1006
2382,50,2,727,1454
2383,125,3,1800,5400
2384,123,2,5500,11000
2385,36,4,2559,10236
2386,60,2,4647,9294
2387,123,3,5500,16500
2388,99,2,2430,4860
2389,71,3,508,1524
2390,79,3,2420,7260
2391,29,4,1868,7472
2392,74,3,2953,8859
2393,87,3,1679,5037
2394,49,4,2512,10048
2395,37,1,3196,3196
2396,99,3,2430,7290
2397,25,1,4015,4015
2398,29,2,1868,3736
2399,25,4,4015,16060
2400,40,3,1215,3645
2401,31,3,3409,10227
2402,59,4,3612,14448
2403,4,4,2033,8132
2404,10,4,4883,19532
2405,117,3,2100,6300
2406,38,4,1584,6336
2407,108,1,1600,1600
2408,18,2,3444,6888
2409,115,4,1100,4400
2410,91,3,4690,14070
2411,55,1,1407,1407
2412,22,2,2069,4138
2413,100,3,4854,14562
2414,52,3,2582,7746
2415,61,4,4982,19928
2416,76,4,4286,17144
2417,51,3,1745,5235
2418,90,1,2902,2902
2419,51,2,1745,3490
2420,67,4,4719,18876
2421,68,1,2684,2684
2422,124,3,9500,28500
2423,53,2,1664,3328
2424,51,3,1745,5235
2425,126,1,900,900
2426,71,2,508,1016
2427,104,2,900,1800
2428,27,3,2502,7506
2429,65,2,2423,4846
2430,3,1,4964,4964
2431,96,1,4920,4920
2432,8,3,4218,12654
2433,34,2,503,1006
2434,92,3,2512,7536
2435,96,1,4920,4920
2436,46,3,3036,9108
2437,115,1,1100,1100
2438,16,3,4613,13839
2439,119,1,4200,4200
2440,105,3,1100,3300
2441,70,2,4061,8122
2442,89,3,1003,3009
2443,94,1,1418,1418
2444,83,4,1830,7320
2445,26,4,1001,4004
2446,93,1,2142,2142
2447,41,3,860,2580
2448,107,1,1800,1800
2449,125,3,1800,5400
2450,16,1,4613,4613
2451,102,3,1500,4500
2452,43,4,887,3548
2453,16,1,4613,4613
2454,48,1,4462,4462
2455,8,4,4218,16872
2456,9,1,3878,3878
2457,99,4,2430,9720
2458,83,1,1830,1830
2459,25,3,4015,12045
2460,100,4,4854,19416
2461,115,3,1100,3300
2462,127,2,1400,2800
2463,25,2,4015,8030
2464,57,3,4520,13560
2465,52,1,2582,2582
2466,24,4,1305,5220
2467,41,1,860,860
2468,1,3,2347,7041
2469,28,1,936,936
2470,123,1,5500,5500
2471,123,1,5500,5500
2472,54,1,1592,1592
2473,46,2,3036,6072
2474,17,3,4834,14502
2475,51,1,1745,1745
2476,87,4,1679,6716
2477,73,4,1561,6244
2478,34,1,503,503
2479,83,2,1830,3660
2480,10,4,4883,19532
2481,118,2,3500,7000
2482,109,2,1300,2600
2483,101,3,1200,3600
2484,111,4,3200,12800
2485,91,3,4690,14070
2486,107,1,1800,1800
2487,22,4,2069,8276
2488,16,2,4613,9226
2489,72,3,3876,11628
2490,104,2,900,1800
2491,55,3,1407,4221
2492,17,4,4834,19336
2493,49,3,2512,7536
2494,70,2,4061,8122
2495,15,1,2538,2538
2496,91,3,4690,14070
2497,109,1,1300,1300
2498,65,3,2423,7269
2499,103,2,800,1600
2500,99,1,2430,2430
2501,95,3,1581,4743
2502,88,3,2570,7710
2503,61,1,4982,4982
2504,123,1,5500,5500
2505,50,3,727,2181
2506,61,2,4982,9964
2507,73,1,1561,1561
2508,68,3,2684,8052
2509,58,1,4752,4752
2510,35,4,4430,17720
2511,50,1,727,727
2512,45,3,745,2235
2513,20,2,1571,3142
2514,24,3,1305,3915
2515,47,4,2939,11756
2516,130,1,2600,2600
2517,72,2,3876,7752
2518,114,4,2200,8800
2519,103,4,800,3200
2520,41,2,860,1720
2521,105,3,1100,3300
2522,76,4,4286,17144
2523,13,3,2383,7149
2524,81,2,2520,5040
2525,76,4,4286,17144
2526,100,3,4854,14562
2527,12,3,570,1710
2528,38,2,1584,3168
2529,41,3,860,2580
2530,114,3,2200,6600
2531,63,2,4337,8674
2532,62,2,3848,7696
2533,22,3,2069,6207
2534,63,3,4337,13011
2535,110,1,6500,6500
2536,109,2,1300,2600
2537,127,1,1400,1400
2538,69,3,744,2232
2539,105,3,1100,3300
2540,65,3,2423,7269
2541,32,1,2234,2234
2542,119,2,4200,8400
2543,25,3,4015,12045
2544,31,2,3409,6818
2545,32,4,2234,8936
2546,52,1,2582,2582
2547,113,4,2500,10000
2548,29,1,1868,1868
2549,42,3,1195,3585
2550,18,4,3444,13776
2551,23,4,2380,9520
2552,44,1,2979,2979
2553,8,1,4218,4218
2554,83,3,1830,5490
2555,122,1,2800,2800
2556,104,2,900,1800
2557,79,3,2420,7260
2558,126,4,900,3600
2559,31,3,3409,10227
2560,18,1,3444,3444
2561,101,4,1200,4800
2562,49,2,2512,5024
2563,115,3,1100,3300
2564,54,1,1592,1592
2565,74,3,2953,8859
2566,95,4,1581,6324
2567,52,1,2582,2582
2568,52,3,2582,7746
2569,100,3,4854,14562
2570,101,3,1200,3600
2571,56,1,2532,2532
2572,64,2,3953,7906
2573,53,4,1664,6656
2574,10,2,4883,9766
2575,77,1,4778,4778
2576,17,2,4834,9668
2577,60,3,4647,13941
2578,95,3,1581,4743
2579,107,3,1800,5400
2580,115,2,1100,2200
2581,71,4,508,2032
2582,121,1,1200,1200
2583,97,3,872,2616
2584,22,2,2069,4138
2585,13,3,2383,7149
2586,82,4,2394,9576
2587,12,3,570,1710
2588,48,4,4462,17848
2589,1,2,2347,4694
2590,34,3,503,1509
2591,78,4,4289,17156
2592,40,2,1215,2430
2593,111,1,3200,3200
2594,25,4,4015,16060
2595,125,3,1800,5400
2596,120,3,1500,4500
2597,114,3,2200,6600
2598,67,2,4719,9438
2599,29,4,1868,7472
2600,117,4,2100,8400
2601,20,2,1571,3142
2602,55,4,1407,5628
2603,100,3,4854,14562
2604,114,3,2200,6600
2605,25,3,4015,12045
2606,5,2,4777,9554
2607,95,1,1581,1581
2608,20,4,1571,6284
2609,101,2,1200,2400
2610,95,3,1581,4743
2611,25,4,4015,16060
2612,79,2,2420,4840
2613,64,2,3953,7906
2614,42,4,1195,4780
2615,95,1,1581,1581
2616,127,3,1400,4200
2617,55,2,1407,2814
2618,25,2,4015,8030
2619,100,3,4854,14562
2620,116,4,1300,5200
2621,7,3,3269,9807
2622,101,2,1200,2400
2623,12,4,570,2280
2624,62,2,3848,7696
2625,16,3,4613,13839
2626,101,1,1200,1200
2627,5,2,4777,9554
2628,65,2,2423,4846
2629,57,2,4520,9040
2630,35,3,4430,13290
2631,59,3,3612,10836
2632,62,1,3848,3848
2633,57,3,4520,13560
2634,130,4,2600,10400
2635,126,2,900,1800
2636,26,2,1001,2002
2637,118,4,3500,14000
2638,98,4,2843,11372
2639,98,2,2843,5686
2640,104,2,900,1800
2641,4,4,2033,8132
2642,82,2,2394,4788
2643,53,3,1664,4992
2644,42,1,1195,1195
2645,84,4,1645,6580
2646,125,4,1800,7200
2647,95,4,1581,6324
2648,130,2,2600,5200
2649,117,1,2100,2100
2650,50,2,727,1454
2651,65,4,2423,9692
2652,107,3,1800,5400
2653,87,4,1679,6716
2654,89,3,1003,3009
2655,115,3,1100,3300
2656,102,4,1500,6000
2657,25,2,4015,8030
2658,90,3,2902,8706
2659,81,3,2520,7560
2660,14,1,1723,1723
2661,31,2,3409,6818
2662,43,1,887,887
2663,13,4,2383,9532
2664,103,1,800,800
2665,19,3,3251,9753
2666,87,4,1679,6716
2667,97,2,872,1744
2668,117,2,2100,4200
2669,5,1,4777,4777
2670,31,4,3409,13636
2671,129,3,3800,11400
2672,41,1,860,860
2673,59,1,3612,3612
2674,8,4,4218,16872
2675,68,4,2684,10736
2676,42,1,1195,1195
2677,17,1,4834,4834
2678,94,2,1418,2836
2679,40,1,1215,1215
2680,115,3,1100,3300
2681,60,2,4647,9294
2682,7,2,3269,6538
2683,89,3,1003,3009
2684,49,3,2512,7536
2685,81,3,2520,7560
2686,100,2,4854,9708
2687,91,4,4690,18760
2688,73,1,1561,1561
2689,44,2,2979,5958
2690,71,1,508,508
2691,84,1,1645,1645
2692,115,1,1100,1100
2693,123,1,5500,5500
2694,86,1,4090,4090
2695,64,2,3953,7906
2696,23,2,2380,4760
2697,73,3,1561,4683
2698,107,4,1800,7200
2699,13,2,2383,4766
2700,47,4,2939,11756
2701,53,4,1664,6656
2702,53,3,1664,4992
2703,28,1,936,936
2704,7,4,3269,13076
2705,12,4,570,2280
2706,66,4,1533,6132
2707,117,3,2100,6300
2708,94,4,1418,5672
2709,81,3,2520,7560
2710,49,1,2512,2512
2711,3,1,4964,4964
2712,73,2,1561,3122
2713,60,2,4647,9294
2714,69,3,744,2232
2715,7,3,3269,9807
2716,57,4,4520,18080
2717,120,1,1500,1500
2718,88,2,2570,5140
2719,127,3,1400,4200
2720,63,1,4337,4337
2721,105,1,1100,1100
2722,93,2,2142,4284
2723,94,1,1418,1418
2724,52,1,2582,2582
2725,106,2,600,1200
2726,36,2,2559,5118
2727,112,3,7800,23400
2728,58,1,4752,4752
2729,70,3,4061,12183
2730,13,3,2383,7149
2731,98,2,2843,5686
2732,74,2,2953,5906
2733,78,2,4289,8578
2734,39,3,469,1407
2735,69,1,744,744
2736,40,2,1215,2430
2737,87,2,1679,3358
2738,63,2,4337,8674
2739,38,2,1584,3168
2740,45,3,745,2235
2741,55,4,1407,5628
2742,37,1,3196,3196
2743,23,2,2380,4760
2744,13,1,2383,2383
2745,76,3,4286,12858
2746,12,1,570,570
2747,32,1,2234,2234
2748,92,3,2512,7536
2749,15,4,2538,10152
2750,94,4,1418,5672
2751,56,3,2532,7596
2752,118,3,3500,10500
2753,41,2,860,1720
2754,53,3,1664,4992
2755,40,3,1215,3645
2756,18,1,3444,3444
2757,56,1,2532,2532
2758,57,1,4520,4520
2759,48,2,4462,8924
2760,80,2,1981,3962
2761,92,4,2512,10048
2762,67,4,4719,18876
2763,113,2,2500,5000
2764,115,4,1100,4400
2765,2,4,4973,19892
2766,74,1,2953,2953
2767,97,4,872,3488
2768,61,4,4982,19928
2769,126,4,900,3600
2770,92,4,2512,10048
2771,75,4,3204,12816
2772,115,3,1100,3300
2773,71,3,508,1524
2774,43,3,887,2661
2775,93,2,2142,4284
2776,49,1,2512,2512
2777,16,1,4613,4613
2778,102,2,1500,3000
2779,109,2,1300,2600
2780,99,2,2430,4860
2781,15,3,2538,7614
2782,75,2,3204,6408
2783,58,1,4752,4752
2784,118,4,3500,14000
2785,122,1,2800,2800
2786,95,1,1581,1581
2787,42,2,1195,2390
2788,54,2,1592,3184
2789,16,3,4613,13839
2790,62,4,3848,15392
2791,64,4,3953,15812
2792,35,3,4430,13290
2793,7,4,3269,13076
2794,87,3,1679,5037
2795,91,4,4690,18760
2796,57,4,4520,18080
2797,106,1,600,600
2798,74,3,2953,8859
2799,113,2,2500,5000
2800,42,1,1195,1195
2801,16,4,4613,18452
2802,127,2,1400,2800
2803,23,4,2380,9520
2804,7,4,3269,13076
2805,96,3,4920,14760
2806,11,3,2053,6159
2807,87,3,1679,5037
2808,63,1,4337,4337
2809,128,3,1100,3300
2810,119,3,4200,12600
2811,108,3,1600,4800
2812,57,3,4520,13560
2813,26,4,1001,4004
2814,114,1,2200,2200
2815,31,3,3409,10227
2816,125,2,1800,3600
2817,22,2,2069,4138
2818,69,1,744,744
2819,111,4,3200,12800
2820,35,3,4430,13290
2821,75,4,3204,12816
2822,116,4,1300,5200
2823,124,4,9500,38000
2824,68,1,2684,2684
2825,13,3,2383,7149
2826,96,2,4920,9840
2827,96,4,4920,19680
2828,126,1,900,900
2829,96,2,4920,9840
2830,13,3,2383,7149
2831,41,1,860,860
2832,86,3,4090,12270
2833,72,4,3876,15504
2834,107,4,1800,7200
2835,59,4,3612,14448
2836,93,1,2142,2142
2837,56,3,2532,7596
2838,38,1,1584,1584
2839,64,4,3953,15812
2840,7,1,3269,3269
2841,6,4,4170,16680
2842,94,2,1418,2836
2843,74,3,2953,8859
2844,42,4,1195,4780
2845,102,1,1500,1500
2846,54,1,1592,1592
2847,54,1,1592,1592
2848,42,3,1195,3585
2849,30,1,4875,4875
2850,62,4,3848,15392
2851,69,3,744,2232
2852,93,3,2142,6426
2853,45,3,745,2235
2854,85,1,1856,1856
2855,22,3,2069,6207
2856,47,1,2939,2939
2857,31,1,3409,3409
2858,84,3,1645,4935
2859,91,4,4690,18760
2860,46,1,3036,3036
2861,84,3,1645,4935
2862,97,1,872,872
2863,51,1,1745,1745
2864,16,1,4613,4613
2865,72,3,3876,11628
2866,72,1,3876,3876
2867,99,4,2430,9720
2868,99,3,2430,7290
2869,126,4,900,3600
2870,52,1,2582,2582
2871,69,3,744,2232
2872,53,4,1664,6656
2873,16,4,4613,18452
2874,84,3,1645,4935
2875,124,4,9500,38000
2876,117,2,2100,4200
2877,126,2,900,1800
2878,112,3,7800,23400
2879,3,1,4964,4964
2880,93,2,2142,4284
2881,3,1,4964,4964
2882,87,4,1679,6716
2883,130,1,2600,2600
2884,44,4,2979,11916
2885,52,4,2582,10328
2886,113,2,2500,5000
2887,64,1,3953,3953
2888,119,1,4200,4200
2889,22,3,2069,6207
2890,66,4,1533,6132
2891,71,4,508,2032
2892,40,4,1215,4860
2893,121,4,1200,4800
2894,22,1,2069,2069
2895,55,2,1407,2814
2896,81,4,2520,10080
2897,116,2,1300,2600
2898,83,3,1830,5490
2899,89,2,1003,2006
2900,56,1,2532,2532
2901,124,1,9500,9500
2902,126,3,900,2700
2903,11,2,2053,4106
2904,32,2,2234,4468
2905,88,1,2570,2570
2906,50,4,727,2908
2907,51,2,1745,3490
2908,121,3,1200,3600
2909,52,1,2582,2582
2910,108,1,1600,1600
2911,101,1,1200,1200
2912,94,4,1418,5672
2913,71,3,508,1524
2914,31,2,3409,6818
2915,73,2,1561,3122
2916,101,3,1200,3600
2917,103,4,800,3200
2918,105,1,1100,1100
2919,54,3,1592,4776
2920,23,4,2380,9520
2921,61,4,4982,19928
2922,93,3,2142,6426
2923,38,1,1584,1584
2924,60,4,4647,18588
2925,24,3,1305,3915
2926,35,4,4430,17720
2927,70,2,4061,8122
2928,77,4,4778,19112
2929,28,3,936,2808
2930,42,2,1195,2390
2931,118,3,3500,10500
2932,82,2,2394,4788
2933,30,2,4875,9750
2934,82,4,2394,9576
2935,48,2,4462,8924
2936,17,3,4834,14502
2937,72,4,3876,15504
2938,94,4,1418,5672
2939,69,1,744,744
2940,47,3,2939,8817
2941,30,4,4875,19500
2942,16,4,4613,18452
2943,112,1,7800,7800
2944,41,4,860,3440
2945,20,1,1571,1571
2946,115,2,1100,2200
2947,2,4,4973,19892
2948,85,1,1856,1856
2949,117,3,2100,6300
2950,99,4,2430,9720
2951,47,3,2939,8817
2952,90,3,2902,8706
2953,49,2,2512,5024
2954,88,1,2570,2570
2955,71,4,508,2032
2956,7,1,3269,3269
2957,120,1,1500,1500
2958,4,4,2033,8132
2959,104,4,900,3600
2960,120,1,1500,1500
2961,98,2,2843,5686
2962,23,2,2380,4760
2963,13,4,2383,9532
2964,16,4,4613,18452
2965,69,1,744,744
2966,37,4,3196,12784
2967,54,3,1592,4776
2968,39,1,469,469
2969,3,3,4964,14892
2970,14,3,1723,5169
2971,130,3,2600,7800
2972,32,3,2234,6702
2973,58,3,4752,14256
2974,16,2,4613,9226
2975,75,2,3204,6408
2976,118,4,3500,14000
2977,20,2,1571,3142
2978,121,1,1200,1200
2979,25,4,4015,16060
2980,106,1,600,600
2981,80,2,1981,3962
2982,90,3,2902,8706
2983,92,2,2512,5024
2984,124,3,9500,28500
2985,84,1,1645,1645
2986,66,3,1533,4599
2987,64,2,3953,7906
2988,36,1,2559,2559
2989,100,3,4854,14562
2990,49,3,2512,7536
2991,82,1,2394,2394
2992,78,4,4289,17156
2993,128,2,1100,2200
2994,37,3,3196,9588
2995,62,2,3848,7696
2996,29,3,1868,5604
2997,112,1,7800,7800
2998,99,4,2430,9720
2999,18,2,3444,6888
3000,106,4,600,2400
